-- phpMyAdmin SQL Dump
-- version 4.6.5.2
-- https://www.phpmyadmin.net/
--
-- Host: 127.0.0.1
-- Generation Time: 30 Okt 2019 pada 14.25
-- Versi Server: 10.1.21-MariaDB
-- PHP Version: 5.6.30

SET SQL_MODE = "NO_AUTO_VALUE_ON_ZERO";
SET time_zone = "+00:00";


/*!40101 SET @OLD_CHARACTER_SET_CLIENT=@@CHARACTER_SET_CLIENT */;
/*!40101 SET @OLD_CHARACTER_SET_RESULTS=@@CHARACTER_SET_RESULTS */;
/*!40101 SET @OLD_COLLATION_CONNECTION=@@COLLATION_CONNECTION */;
/*!40101 SET NAMES utf8mb4 */;

--
-- Database: `skripsi`
--

-- --------------------------------------------------------

--
-- Struktur dari tabel `akun`
--

CREATE TABLE `akun` (
  `id_akun` int(11) NOT NULL,
  `nama` varchar(50) NOT NULL,
  `password` varchar(50) NOT NULL,
  `username` varchar(50) NOT NULL,
  `email` varchar(50) NOT NULL
) ENGINE=InnoDB DEFAULT CHARSET=latin1 ROW_FORMAT=COMPACT;

--
-- Dumping data untuk tabel `akun`
--

INSERT INTO `akun` (`id_akun`, `nama`, `password`, `username`, `email`) VALUES
(2, 'sandra', '827ccb0eea8a706c4c34a16891f84e7b', 'admin', 'sandrades@gmail.com'),
(3, 'wava', '21232f297a57a5a743894a0e4a801fc3', 'wava', 'wava@gmail.com'),
(5, 'sdm', '12345', 'sandes', 'sandrade.com'),
(6, 'sunny', '202cb962ac59075b964b07152d234b70', 'sun', 'sun@gmail.com'),
(7, 'sander', '202cb962ac59075b964b07152d234b70', 'sander', 's.sandradestya@gmail.com'),
(8, 'bismilah', '827ccb0eea8a706c4c34a16891f84e7b', 'bismilah', 's.sandradestya@gmail.com');

-- --------------------------------------------------------

--
-- Struktur dari tabel `diagnosa`
--

CREATE TABLE `diagnosa` (
  `kode_diagnosa` int(5) NOT NULL,
  `nama_diagnosa` varchar(20) NOT NULL
) ENGINE=InnoDB DEFAULT CHARSET=latin1;

--
-- Dumping data untuk tabel `diagnosa`
--

INSERT INTO `diagnosa` (`kode_diagnosa`, `nama_diagnosa`) VALUES
(1, 'Hemoragik'),
(2, 'Iskemik');

-- --------------------------------------------------------

--
-- Struktur dari tabel `gejala`
--

CREATE TABLE `gejala` (
  `kode_gejala` int(5) NOT NULL,
  `nama_gejala` varchar(160) NOT NULL,
  `bobot` int(11) NOT NULL DEFAULT '0',
  `keterangan` varchar(50) NOT NULL
) ENGINE=InnoDB DEFAULT CHARSET=latin1;

--
-- Dumping data untuk tabel `gejala`
--

INSERT INTO `gejala` (`kode_gejala`, `nama_gejala`, `bobot`, `keterangan`) VALUES
(1, 'Penurunan Kesadaran', 5, ''),
(2, 'Sakit kepala hebat', 3, ''),
(3, 'Muntah', 3, ''),
(4, 'Kelemahan separuh anggota gerak satu sisi (kanan atau kiri)', 5, ''),
(5, 'Kesemutan pada anggota gerak satu sisi', 3, ''),
(6, 'Gangguan sensorik pada salah satu sisi wajah, lengan, dan tungkai', 3, ''),
(7, 'Bicara pelo', 5, ''),
(8, 'Kesulitan berbicara dan memahami pembicaraan orang lain', 5, ''),
(9, 'Muka pencong', 3, ''),
(10, 'Kehilangan pengelihatan mendadak', 3, ''),
(11, 'Hipertensi', 3, ''),
(12, 'Riwayat kencing manis', 3, ''),
(13, 'Usia diatas 50 thn', 1, ''),
(14, 'Penyakit jantung koroner', 3, ''),
(15, 'Klaudikasio intermiten atau nyeri pada kaki saat berjalan', 1, ''),
(16, 'Detak jantung tidak teratur', 3, ''),
(17, 'Kejang', 5, ''),
(18, 'Kesulitan menelan', 3, ''),
(19, 'Kesulitan menulis dan membaca', 1, ''),
(20, 'Kehilangan keseimbangan tubuh', 1, ''),
(21, 'Kelainan pada rasa pengecapan', 1, ''),
(22, 'Gangguan memori mendadak', 3, ''),
(32, 'Badan lemas', 1, '');

-- --------------------------------------------------------

--
-- Struktur dari tabel `kasus`
--

CREATE TABLE `kasus` (
  `id_kasus` int(11) NOT NULL,
  `kode_diagnosa` int(11) NOT NULL DEFAULT '0',
  `acc` int(11) NOT NULL DEFAULT '0'
) ENGINE=MyISAM DEFAULT CHARSET=utf8;

--
-- Dumping data untuk tabel `kasus`
--

INSERT INTO `kasus` (`id_kasus`, `kode_diagnosa`, `acc`) VALUES
(1, 1, 1),
(2, 1, 1),
(3, 1, 1),
(4, 1, 1),
(5, 1, 1),
(6, 1, 1),
(7, 2, 1),
(8, 2, 1),
(9, 2, 1),
(10, 2, 1),
(11, 2, 1),
(12, 2, 1),
(13, 2, 1),
(14, 2, 1),
(15, 2, 1),
(16, 2, 1),
(17, 1, 1),
(18, 1, 1),
(19, 1, 1),
(20, 1, 1),
(21, 1, 1),
(34, 1, 0),
(23, 1, 0),
(24, 1, 0),
(33, 2, 0),
(32, 1, 0),
(27, 1, 0),
(28, 1, 0),
(31, 2, 0),
(29, 1, 0),
(30, 1, 0),
(35, 1, 0),
(36, 1, 0),
(37, 1, 0),
(38, 1, 0),
(39, 1, 0),
(40, 1, 0),
(42, 1, 0),
(43, 2, 0),
(44, 1, 0),
(46, 1, 0),
(47, 1, 0),
(54, 1, 0),
(55, 1, 0),
(56, 1, 0),
(57, 1, 0),
(58, 1, 0),
(59, 1, 0),
(60, 2, 0),
(61, 2, 0),
(62, 1, 0),
(63, 2, 0),
(64, 1, 0),
(65, 1, 0),
(66, 1, 0),
(67, 1, 0),
(68, 0, 0),
(69, 1, 0),
(70, 2, 0),
(71, 0, 0),
(72, 0, 0),
(73, 1, 0),
(74, 1, 0),
(75, 1, 0),
(76, 1, 0),
(77, 2, 0),
(78, 1, 0),
(79, 1, 0),
(80, 1, 0),
(81, 1, 0),
(82, 1, 0),
(83, 1, 0),
(84, 1, 0);

-- --------------------------------------------------------

--
-- Struktur dari tabel `kasus_gjl`
--

CREATE TABLE `kasus_gjl` (
  `ID` int(11) NOT NULL,
  `kasus` int(11) NOT NULL DEFAULT '0',
  `gejala` int(11) NOT NULL DEFAULT '0',
  `acc` int(11) NOT NULL DEFAULT '0'
) ENGINE=MyISAM DEFAULT CHARSET=utf8;

--
-- Dumping data untuk tabel `kasus_gjl`
--

INSERT INTO `kasus_gjl` (`ID`, `kasus`, `gejala`, `acc`) VALUES
(1, 1, 3, 1),
(2, 1, 7, 1),
(3, 1, 13, 1),
(4, 1, 32, 1),
(5, 2, 1, 1),
(6, 2, 2, 1),
(7, 2, 4, 1),
(8, 2, 13, 1),
(9, 3, 2, 1),
(10, 3, 3, 1),
(11, 3, 11, 1),
(12, 3, 32, 1),
(13, 4, 4, 1),
(14, 4, 7, 1),
(15, 4, 11, 1),
(16, 5, 1, 1),
(17, 5, 11, 1),
(18, 6, 1, 1),
(19, 6, 3, 1),
(20, 6, 4, 1),
(21, 6, 13, 1),
(22, 7, 1, 1),
(23, 7, 4, 1),
(24, 7, 8, 1),
(25, 7, 11, 1),
(26, 7, 13, 1),
(27, 8, 4, 1),
(28, 8, 11, 1),
(29, 8, 13, 1),
(30, 9, 4, 1),
(31, 9, 8, 1),
(32, 9, 11, 1),
(33, 9, 13, 1),
(34, 10, 4, 1),
(35, 10, 7, 1),
(36, 10, 11, 1),
(37, 10, 13, 1),
(38, 11, 4, 1),
(39, 11, 13, 1),
(40, 12, 4, 1),
(41, 12, 11, 1),
(42, 12, 13, 1),
(276, 13, 8, 0),
(275, 13, 4, 0),
(274, 13, 3, 0),
(46, 14, 4, 1),
(47, 14, 11, 1),
(48, 14, 13, 1),
(49, 15, 1, 1),
(50, 15, 13, 1),
(51, 16, 4, 1),
(52, 16, 13, 1),
(53, 17, 1, 1),
(54, 17, 2, 1),
(55, 17, 3, 1),
(56, 17, 7, 1),
(57, 17, 11, 1),
(58, 17, 13, 1),
(59, 18, 3, 1),
(60, 18, 4, 1),
(61, 18, 8, 1),
(62, 18, 11, 1),
(63, 18, 13, 1),
(64, 19, 1, 1),
(65, 19, 3, 1),
(66, 19, 4, 1),
(67, 19, 11, 1),
(68, 19, 13, 1),
(69, 20, 2, 1),
(70, 20, 3, 1),
(71, 20, 4, 1),
(72, 20, 11, 1),
(73, 20, 13, 1),
(74, 21, 1, 1),
(75, 21, 4, 1),
(76, 21, 11, 1),
(77, 21, 13, 1),
(145, 35, 11, 0),
(144, 35, 7, 0),
(143, 35, 4, 0),
(142, 34, 14, 0),
(141, 34, 12, 0),
(83, 23, 3, 0),
(84, 23, 7, 0),
(85, 24, 3, 0),
(86, 24, 5, 0),
(140, 34, 7, 0),
(139, 34, 3, 0),
(138, 33, 10, 0),
(137, 33, 8, 0),
(136, 33, 7, 0),
(135, 33, 5, 0),
(134, 33, 4, 0),
(133, 32, 15, 0),
(132, 32, 14, 0),
(131, 32, 13, 0),
(97, 27, 2, 0),
(98, 27, 3, 0),
(99, 28, 1, 0),
(100, 28, 2, 0),
(101, 28, 3, 0),
(102, 28, 4, 0),
(130, 32, 11, 0),
(129, 31, 7, 0),
(128, 31, 6, 0),
(127, 31, 5, 0),
(122, 30, 11, 0),
(121, 30, 8, 0),
(120, 30, 1, 0),
(119, 29, 13, 0),
(118, 29, 11, 0),
(117, 29, 4, 0),
(126, 31, 3, 0),
(125, 31, 2, 0),
(124, 31, 1, 0),
(123, 30, 13, 0),
(146, 35, 13, 0),
(147, 36, 1, 0),
(148, 36, 2, 0),
(149, 36, 4, 0),
(150, 36, 5, 0),
(151, 37, 1, 0),
(152, 37, 2, 0),
(153, 37, 4, 0),
(154, 37, 5, 0),
(155, 38, 1, 0),
(156, 38, 2, 0),
(157, 38, 4, 0),
(158, 38, 5, 0),
(159, 39, 1, 0),
(160, 39, 2, 0),
(161, 39, 4, 0),
(162, 39, 5, 0),
(163, 40, 1, 0),
(164, 40, 2, 0),
(165, 40, 4, 0),
(166, 40, 5, 0),
(169, 42, 11, 0),
(170, 42, 12, 0),
(171, 42, 13, 0),
(172, 43, 1, 0),
(173, 43, 2, 0),
(174, 43, 3, 0),
(175, 44, 1, 0),
(176, 44, 2, 0),
(177, 44, 4, 0),
(181, 46, 1, 0),
(182, 46, 2, 0),
(183, 46, 4, 0),
(184, 46, 5, 0),
(185, 47, 4, 0),
(186, 47, 8, 0),
(187, 47, 11, 0),
(188, 47, 13, 0),
(215, 54, 4, 0),
(214, 54, 2, 0),
(213, 54, 1, 0),
(242, 55, 4, 0),
(241, 55, 2, 0),
(240, 55, 1, 0),
(246, 56, 1, 0),
(247, 56, 2, 0),
(248, 56, 3, 0),
(249, 56, 4, 0),
(250, 57, 1, 0),
(251, 57, 4, 0),
(252, 57, 8, 0),
(253, 57, 11, 0),
(254, 57, 13, 0),
(255, 58, 4, 0),
(256, 58, 7, 0),
(257, 58, 11, 0),
(258, 58, 13, 0),
(266, 59, 6, 0),
(265, 59, 4, 0),
(264, 59, 3, 0),
(263, 59, 1, 0),
(267, 59, 7, 0),
(268, 59, 9, 0),
(269, 60, 1, 0),
(270, 60, 4, 0),
(271, 60, 7, 0),
(272, 60, 8, 0),
(273, 60, 9, 0),
(277, 13, 13, 0),
(278, 61, 1, 0),
(279, 61, 4, 0),
(280, 61, 7, 0),
(281, 61, 8, 0),
(282, 61, 9, 0),
(283, 62, 1, 0),
(284, 62, 2, 0),
(285, 62, 3, 0),
(286, 62, 4, 0),
(287, 62, 5, 0),
(288, 63, 1, 0),
(289, 63, 4, 0),
(290, 63, 7, 0),
(291, 63, 8, 0),
(292, 63, 9, 0),
(293, 64, 1, 0),
(294, 64, 2, 0),
(295, 64, 3, 0),
(296, 64, 4, 0),
(297, 64, 5, 0),
(298, 65, 1, 0),
(299, 65, 2, 0),
(300, 65, 3, 0),
(301, 65, 4, 0),
(302, 66, 1, 0),
(303, 66, 2, 0),
(304, 66, 3, 0),
(305, 66, 4, 0),
(306, 67, 1, 0),
(307, 67, 2, 0),
(308, 67, 3, 0),
(309, 67, 4, 0),
(313, 68, 2, 0),
(312, 68, 1, 0),
(314, 68, 3, 0),
(315, 68, 4, 0),
(316, 68, 5, 0),
(317, 69, 1, 0),
(318, 69, 2, 0),
(319, 69, 3, 0),
(320, 69, 4, 0),
(321, 69, 5, 0),
(322, 69, 6, 0),
(323, 69, 7, 0),
(324, 69, 8, 0),
(325, 69, 9, 0),
(326, 69, 10, 0),
(327, 69, 11, 0),
(328, 69, 12, 0),
(329, 69, 13, 0),
(330, 69, 14, 0),
(331, 69, 15, 0),
(332, 69, 16, 0),
(333, 69, 17, 0),
(334, 69, 18, 0),
(335, 69, 19, 0),
(336, 69, 20, 0),
(337, 69, 21, 0),
(338, 69, 22, 0),
(339, 69, 32, 0),
(340, 70, 1, 0),
(341, 70, 2, 0),
(342, 70, 3, 0),
(343, 71, 1, 0),
(344, 71, 2, 0),
(345, 71, 3, 0),
(346, 72, 1, 0),
(347, 72, 2, 0),
(348, 72, 3, 0),
(349, 72, 4, 0),
(350, 73, 1, 0),
(351, 73, 2, 0),
(352, 73, 3, 0),
(353, 73, 4, 0),
(354, 74, 1, 0),
(355, 74, 2, 0),
(356, 74, 3, 0),
(357, 74, 4, 0),
(358, 75, 1, 0),
(359, 75, 2, 0),
(360, 75, 3, 0),
(361, 75, 4, 0),
(362, 75, 5, 0),
(363, 76, 1, 0),
(364, 76, 3, 0),
(365, 76, 4, 0),
(366, 76, 6, 0),
(367, 76, 7, 0),
(368, 76, 8, 0),
(369, 77, 1, 0),
(370, 77, 4, 0),
(371, 77, 5, 0),
(372, 77, 6, 0),
(373, 77, 7, 0),
(374, 78, 1, 0),
(375, 78, 2, 0),
(376, 78, 3, 0),
(377, 78, 4, 0),
(378, 78, 5, 0),
(379, 79, 1, 0),
(380, 79, 2, 0),
(381, 79, 3, 0),
(382, 79, 4, 0),
(386, 80, 2, 0),
(385, 80, 1, 0),
(387, 80, 3, 0),
(388, 80, 4, 0),
(389, 81, 3, 0),
(390, 81, 13, 0),
(403, 83, 13, 0),
(399, 82, 4, 0),
(398, 82, 3, 0),
(397, 82, 2, 0),
(396, 82, 1, 0),
(402, 83, 3, 0),
(404, 84, 3, 0),
(405, 84, 13, 0);

-- --------------------------------------------------------

--
-- Struktur dari tabel `kasus_tnd`
--

CREATE TABLE `kasus_tnd` (
  `ID` int(11) NOT NULL,
  `kasus` int(11) NOT NULL DEFAULT '0',
  `tindakan` int(11) NOT NULL DEFAULT '0'
) ENGINE=MyISAM DEFAULT CHARSET=utf8;

--
-- Dumping data untuk tabel `kasus_tnd`
--

INSERT INTO `kasus_tnd` (`ID`, `kasus`, `tindakan`) VALUES
(696, 2, 17),
(190, 1, 8),
(189, 1, 7),
(695, 2, 16),
(474, 9, 18),
(473, 9, 17),
(472, 9, 16),
(454, 7, 18),
(453, 7, 17),
(452, 7, 16),
(694, 2, 14),
(552, 21, 2),
(551, 21, 1),
(693, 2, 12),
(692, 2, 11),
(691, 2, 10),
(690, 2, 8),
(689, 2, 5),
(688, 2, 4),
(687, 2, 3),
(686, 2, 2),
(685, 2, 1),
(681, 1, 14),
(680, 1, 12),
(679, 1, 11),
(678, 1, 10),
(683, 1, 17),
(682, 1, 16),
(188, 1, 6),
(187, 1, 5),
(186, 1, 4),
(185, 1, 3),
(184, 1, 2),
(183, 1, 1),
(443, 2, 17),
(442, 2, 16),
(441, 2, 14),
(440, 2, 12),
(439, 2, 11),
(438, 2, 10),
(437, 2, 8),
(436, 2, 7),
(435, 2, 6),
(434, 2, 5),
(433, 2, 4),
(432, 2, 3),
(431, 2, 2),
(430, 2, 1),
(711, 4, 1),
(709, 3, 17),
(708, 3, 16),
(707, 3, 14),
(706, 3, 12),
(705, 3, 11),
(704, 3, 10),
(703, 3, 8),
(677, 1, 8),
(676, 1, 5),
(675, 1, 4),
(674, 1, 3),
(673, 1, 2),
(672, 1, 1),
(702, 3, 5),
(701, 3, 4),
(700, 3, 3),
(699, 3, 2),
(698, 3, 1),
(726, 5, 3),
(725, 5, 2),
(724, 5, 1),
(722, 4, 17),
(721, 4, 16),
(720, 4, 14),
(719, 4, 12),
(718, 4, 11),
(717, 4, 10),
(716, 4, 8),
(715, 4, 5),
(213, 3, 1),
(214, 3, 2),
(215, 3, 3),
(216, 3, 4),
(217, 3, 5),
(218, 3, 8),
(219, 3, 10),
(220, 3, 11),
(221, 3, 12),
(222, 3, 14),
(223, 3, 16),
(224, 3, 17),
(226, 4, 1),
(227, 4, 2),
(228, 4, 3),
(229, 4, 4),
(230, 4, 5),
(231, 4, 8),
(232, 4, 10),
(233, 4, 11),
(234, 4, 12),
(235, 4, 14),
(236, 4, 16),
(237, 4, 17),
(239, 5, 1),
(240, 5, 2),
(241, 5, 3),
(242, 5, 4),
(243, 5, 5),
(244, 5, 8),
(245, 5, 10),
(246, 5, 11),
(247, 5, 12),
(248, 5, 14),
(249, 5, 16),
(250, 5, 17),
(252, 6, 1),
(253, 6, 2),
(254, 6, 3),
(255, 6, 4),
(256, 6, 5),
(257, 6, 8),
(258, 6, 10),
(259, 6, 11),
(260, 6, 12),
(261, 6, 14),
(262, 6, 16),
(263, 6, 17),
(451, 7, 15),
(450, 7, 12),
(449, 7, 11),
(448, 7, 9),
(447, 7, 7),
(446, 7, 6),
(445, 7, 4),
(464, 8, 18),
(463, 8, 17),
(462, 8, 16),
(461, 8, 15),
(460, 8, 12),
(459, 8, 11),
(458, 8, 9),
(457, 8, 7),
(456, 8, 6),
(455, 8, 4),
(471, 9, 15),
(470, 9, 12),
(469, 9, 11),
(468, 9, 9),
(467, 9, 7),
(466, 9, 6),
(465, 9, 4),
(484, 10, 18),
(483, 10, 17),
(482, 10, 16),
(481, 10, 15),
(480, 10, 12),
(479, 10, 11),
(478, 10, 9),
(477, 10, 7),
(476, 10, 6),
(475, 10, 4),
(494, 11, 18),
(493, 11, 17),
(492, 11, 16),
(491, 11, 15),
(490, 11, 12),
(489, 11, 11),
(488, 11, 9),
(487, 11, 7),
(486, 11, 6),
(485, 11, 4),
(504, 12, 18),
(503, 12, 17),
(502, 12, 16),
(501, 12, 15),
(500, 12, 12),
(499, 12, 11),
(498, 12, 9),
(497, 12, 7),
(496, 12, 6),
(495, 12, 4),
(1495, 13, 18),
(524, 14, 18),
(523, 14, 17),
(522, 14, 16),
(521, 14, 15),
(520, 14, 12),
(519, 14, 11),
(518, 14, 9),
(517, 14, 7),
(516, 14, 6),
(515, 14, 4),
(358, 15, 4),
(359, 15, 6),
(360, 15, 7),
(361, 15, 9),
(362, 15, 11),
(363, 15, 12),
(364, 15, 15),
(365, 15, 16),
(366, 15, 17),
(367, 15, 18),
(514, 16, 18),
(513, 16, 17),
(512, 16, 16),
(511, 16, 15),
(510, 16, 12),
(509, 16, 11),
(508, 16, 9),
(507, 16, 7),
(506, 16, 6),
(505, 16, 4),
(536, 17, 17),
(535, 17, 16),
(534, 17, 14),
(533, 17, 12),
(532, 17, 11),
(531, 17, 10),
(530, 17, 8),
(529, 17, 5),
(528, 17, 4),
(527, 17, 3),
(526, 17, 2),
(525, 17, 1),
(391, 18, 1),
(392, 18, 2),
(393, 18, 3),
(394, 18, 4),
(395, 18, 5),
(396, 18, 8),
(397, 18, 10),
(398, 18, 11),
(399, 18, 12),
(400, 18, 14),
(401, 18, 16),
(402, 18, 17),
(404, 19, 1),
(405, 19, 2),
(406, 19, 3),
(407, 19, 4),
(408, 19, 5),
(409, 19, 8),
(410, 19, 10),
(411, 19, 11),
(412, 19, 12),
(413, 19, 14),
(414, 19, 16),
(415, 19, 17),
(549, 20, 17),
(548, 20, 16),
(547, 20, 14),
(546, 20, 12),
(545, 20, 11),
(544, 20, 10),
(543, 20, 8),
(542, 20, 5),
(541, 20, 4),
(540, 20, 3),
(539, 20, 2),
(538, 20, 1),
(553, 21, 3),
(554, 21, 4),
(555, 21, 5),
(556, 21, 8),
(557, 21, 10),
(558, 21, 11),
(559, 21, 12),
(560, 21, 14),
(561, 21, 16),
(562, 21, 17),
(714, 4, 4),
(713, 4, 3),
(712, 4, 2),
(734, 5, 16),
(733, 5, 14),
(732, 5, 12),
(731, 5, 11),
(730, 5, 10),
(729, 5, 8),
(728, 5, 5),
(727, 5, 4),
(748, 6, 17),
(747, 6, 16),
(746, 6, 14),
(745, 6, 12),
(744, 6, 11),
(743, 6, 10),
(742, 6, 8),
(741, 6, 5),
(740, 6, 4),
(739, 6, 3),
(738, 6, 2),
(737, 6, 1),
(735, 5, 17),
(657, 35, 1),
(658, 35, 2),
(659, 35, 3),
(660, 35, 4),
(661, 35, 5),
(662, 35, 6),
(663, 35, 7),
(664, 35, 8),
(665, 35, 10),
(666, 35, 11),
(667, 35, 12),
(668, 35, 14),
(669, 35, 16),
(670, 35, 17),
(750, 7, 4),
(751, 7, 6),
(752, 7, 7),
(753, 7, 9),
(754, 7, 11),
(755, 7, 12),
(756, 7, 15),
(757, 7, 17),
(758, 7, 18),
(759, 8, 4),
(760, 8, 6),
(761, 8, 7),
(762, 8, 9),
(763, 8, 11),
(764, 8, 12),
(765, 8, 15),
(766, 8, 17),
(767, 8, 18),
(768, 9, 4),
(769, 9, 6),
(770, 9, 7),
(771, 9, 9),
(772, 9, 11),
(773, 9, 12),
(774, 9, 15),
(775, 9, 17),
(776, 9, 18),
(777, 10, 4),
(778, 10, 6),
(779, 10, 7),
(780, 10, 9),
(781, 10, 11),
(782, 10, 12),
(783, 10, 15),
(784, 10, 17),
(785, 10, 18),
(786, 11, 4),
(787, 11, 6),
(788, 11, 7),
(789, 11, 9),
(790, 11, 11),
(791, 11, 12),
(792, 11, 15),
(793, 11, 17),
(794, 11, 18),
(795, 12, 4),
(796, 12, 6),
(797, 12, 7),
(798, 12, 9),
(799, 12, 11),
(800, 12, 12),
(801, 12, 15),
(802, 12, 17),
(803, 12, 18),
(1494, 13, 17),
(1493, 13, 16),
(1492, 13, 15),
(1491, 13, 12),
(1490, 13, 11),
(1489, 13, 9),
(1488, 13, 7),
(1487, 13, 6),
(1486, 13, 4),
(813, 14, 4),
(814, 14, 6),
(815, 14, 7),
(816, 14, 9),
(817, 14, 11),
(818, 14, 12),
(819, 14, 15),
(820, 14, 17),
(821, 14, 18),
(822, 15, 4),
(823, 15, 6),
(824, 15, 7),
(825, 15, 9),
(826, 15, 11),
(827, 15, 12),
(828, 15, 15),
(829, 15, 17),
(830, 15, 18),
(831, 16, 4),
(832, 16, 6),
(833, 16, 7),
(834, 16, 9),
(835, 16, 11),
(836, 16, 12),
(837, 16, 15),
(838, 16, 17),
(839, 16, 18),
(840, 17, 1),
(841, 17, 2),
(842, 17, 3),
(843, 17, 4),
(844, 17, 5),
(845, 17, 8),
(846, 17, 10),
(847, 17, 11),
(848, 17, 12),
(849, 17, 14),
(850, 17, 16),
(851, 17, 17),
(853, 18, 1),
(854, 18, 2),
(855, 18, 3),
(856, 18, 4),
(857, 18, 5),
(858, 18, 8),
(859, 18, 10),
(860, 18, 11),
(861, 18, 12),
(862, 18, 14),
(863, 18, 16),
(864, 18, 17),
(866, 19, 1),
(867, 19, 2),
(868, 19, 3),
(869, 19, 4),
(870, 19, 5),
(871, 19, 8),
(872, 19, 10),
(873, 19, 11),
(874, 19, 12),
(875, 19, 14),
(876, 19, 16),
(877, 19, 17),
(879, 20, 1),
(880, 20, 2),
(881, 20, 3),
(882, 20, 4),
(883, 20, 5),
(884, 20, 8),
(885, 20, 10),
(886, 20, 11),
(887, 20, 12),
(888, 20, 14),
(889, 20, 16),
(890, 20, 17),
(892, 21, 1),
(893, 21, 2),
(894, 21, 3),
(895, 21, 4),
(896, 21, 5),
(897, 21, 8),
(898, 21, 10),
(899, 21, 11),
(900, 21, 12),
(901, 21, 14),
(902, 21, 16),
(903, 21, 17),
(1271, 35, 16),
(1270, 35, 16),
(1269, 35, 14),
(1268, 35, 14),
(1267, 35, 12),
(1266, 35, 12),
(1265, 35, 11),
(1264, 35, 11),
(1263, 35, 10),
(1262, 35, 10),
(1261, 35, 8),
(1260, 35, 8),
(1259, 35, 5),
(1258, 35, 5),
(1257, 35, 4),
(1256, 35, 4),
(1255, 35, 3),
(1254, 35, 3),
(1253, 35, 2),
(1252, 35, 2),
(1251, 35, 1),
(1250, 35, 1),
(1248, 34, 17),
(1247, 34, 16),
(1246, 34, 14),
(1245, 34, 12),
(1244, 34, 11),
(933, 23, 1),
(934, 23, 1),
(935, 23, 2),
(936, 23, 2),
(937, 23, 3),
(938, 23, 3),
(939, 23, 4),
(940, 23, 4),
(941, 23, 5),
(942, 23, 5),
(943, 23, 6),
(944, 23, 7),
(945, 23, 8),
(946, 23, 8),
(947, 23, 10),
(948, 23, 11),
(949, 23, 12),
(950, 23, 14),
(951, 23, 16),
(952, 23, 17),
(1243, 34, 10),
(1242, 34, 8),
(1241, 34, 8),
(1240, 34, 7),
(1239, 34, 6),
(1238, 34, 5),
(1237, 34, 5),
(1236, 34, 4),
(1235, 34, 4),
(1234, 34, 3),
(1233, 34, 3),
(1232, 34, 2),
(1231, 34, 2),
(1230, 34, 1),
(1229, 34, 1),
(1228, 33, 18),
(1227, 33, 18),
(1226, 33, 17),
(1225, 33, 17),
(1224, 33, 16),
(1223, 33, 15),
(1222, 33, 15),
(1221, 33, 12),
(1220, 33, 12),
(1219, 33, 11),
(1218, 33, 11),
(1217, 33, 9),
(1216, 33, 9),
(1215, 33, 7),
(1214, 33, 7),
(1213, 33, 6),
(1212, 33, 6),
(1211, 33, 4),
(1210, 33, 4),
(1207, 32, 17),
(1206, 32, 17),
(1205, 32, 16),
(1204, 32, 16),
(1203, 32, 14),
(1202, 32, 14),
(1201, 32, 12),
(1200, 32, 12),
(1199, 32, 11),
(1198, 32, 11),
(1197, 32, 10),
(1196, 32, 10),
(1195, 32, 8),
(1194, 32, 8),
(1193, 32, 5),
(1192, 32, 5),
(1191, 32, 4),
(1190, 32, 4),
(1189, 32, 3),
(1188, 32, 3),
(1010, 28, 1),
(1011, 28, 1),
(1012, 28, 2),
(1013, 28, 2),
(1014, 28, 3),
(1015, 28, 3),
(1016, 28, 4),
(1017, 28, 4),
(1018, 28, 5),
(1019, 28, 5),
(1020, 28, 6),
(1021, 28, 7),
(1022, 28, 8),
(1023, 28, 8),
(1024, 28, 10),
(1025, 28, 10),
(1026, 28, 11),
(1027, 28, 11),
(1028, 28, 12),
(1029, 28, 12),
(1030, 28, 14),
(1031, 28, 14),
(1032, 28, 16),
(1033, 28, 16),
(1034, 28, 17),
(1035, 28, 17),
(1187, 32, 2),
(1186, 32, 2),
(1185, 32, 1),
(1184, 32, 1),
(1183, 31, 18),
(1182, 31, 18),
(1181, 31, 17),
(1180, 31, 17),
(1179, 31, 16),
(1178, 31, 15),
(1177, 31, 15),
(1176, 31, 12),
(1175, 31, 12),
(1174, 31, 11),
(1173, 31, 11),
(1172, 31, 9),
(1171, 31, 9),
(1170, 31, 7),
(1169, 31, 7),
(1168, 31, 6),
(1167, 31, 6),
(1166, 31, 4),
(1165, 31, 4),
(1162, 30, 17),
(1161, 30, 17),
(1160, 30, 16),
(1131, 29, 14),
(1130, 29, 12),
(1129, 29, 12),
(1128, 29, 11),
(1127, 29, 11),
(1126, 29, 10),
(1125, 29, 10),
(1124, 29, 8),
(1123, 29, 8),
(1122, 29, 5),
(1121, 29, 5),
(1120, 29, 4),
(1119, 29, 4),
(1118, 29, 3),
(1117, 29, 3),
(1116, 29, 2),
(1115, 29, 2),
(1114, 29, 1),
(1113, 29, 1),
(1159, 30, 16),
(1158, 30, 14),
(1157, 30, 14),
(1156, 30, 12),
(1155, 30, 12),
(1154, 30, 11),
(1153, 30, 11),
(1152, 30, 10),
(1151, 30, 10),
(1150, 30, 8),
(1149, 30, 8),
(1148, 30, 5),
(1147, 30, 5),
(1146, 30, 4),
(1145, 30, 4),
(1144, 30, 3),
(1143, 30, 3),
(1142, 30, 2),
(1141, 30, 2),
(1140, 30, 1),
(1139, 30, 1),
(1136, 29, 17),
(1135, 29, 17),
(1134, 29, 16),
(1133, 29, 16),
(1132, 29, 14),
(1272, 35, 17),
(1273, 35, 17),
(1276, 36, 1),
(1277, 36, 1),
(1278, 36, 2),
(1279, 36, 2),
(1280, 36, 3),
(1281, 36, 3),
(1282, 36, 4),
(1283, 36, 4),
(1284, 36, 5),
(1285, 36, 5),
(1286, 36, 6),
(1287, 36, 7),
(1288, 36, 8),
(1289, 36, 8),
(1290, 36, 10),
(1291, 36, 10),
(1292, 36, 11),
(1293, 36, 11),
(1294, 36, 12),
(1295, 36, 12),
(1296, 36, 14),
(1297, 36, 14),
(1298, 36, 16),
(1299, 36, 16),
(1300, 36, 17),
(1301, 36, 17),
(1304, 27, 1),
(1305, 27, 1),
(1306, 27, 2),
(1307, 27, 2),
(1308, 27, 3),
(1309, 27, 3),
(1310, 27, 4),
(1311, 27, 4),
(1312, 27, 5),
(1313, 27, 5),
(1314, 27, 6),
(1315, 27, 7),
(1316, 27, 8),
(1317, 27, 8),
(1318, 27, 10),
(1319, 27, 10),
(1320, 27, 11),
(1321, 27, 11),
(1322, 27, 12),
(1323, 27, 12),
(1324, 27, 14),
(1325, 27, 14),
(1326, 27, 16),
(1327, 27, 16),
(1328, 27, 17),
(1329, 27, 17),
(1332, 24, 1),
(1333, 24, 1),
(1334, 24, 2),
(1335, 24, 2),
(1336, 24, 3),
(1337, 24, 3),
(1338, 24, 4),
(1339, 24, 4),
(1340, 24, 5),
(1341, 24, 5),
(1342, 24, 6),
(1343, 24, 7),
(1344, 24, 8),
(1345, 24, 8),
(1346, 24, 10),
(1347, 24, 10),
(1348, 24, 11),
(1349, 24, 11),
(1350, 24, 12),
(1351, 24, 12),
(1352, 24, 14),
(1353, 24, 14),
(1354, 24, 16),
(1355, 24, 16),
(1356, 24, 17),
(1357, 24, 17),
(1360, 37, 1),
(1361, 37, 2),
(1362, 37, 3),
(1363, 37, 4),
(1364, 37, 5),
(1365, 37, 6),
(1366, 37, 7),
(1367, 37, 8),
(1368, 37, 10),
(1369, 37, 11),
(1370, 37, 12),
(1371, 37, 14),
(1372, 37, 16),
(1373, 37, 17),
(1375, 38, 1),
(1376, 38, 2),
(1377, 38, 3),
(1378, 38, 4),
(1379, 38, 5),
(1380, 38, 6),
(1381, 38, 7),
(1382, 38, 8),
(1383, 38, 10),
(1384, 38, 11),
(1385, 38, 12),
(1386, 38, 14),
(1387, 38, 16),
(1388, 38, 17),
(1390, 39, 1),
(1391, 39, 2),
(1392, 39, 3),
(1393, 39, 4),
(1394, 39, 5),
(1395, 39, 6),
(1396, 39, 7),
(1397, 39, 8),
(1398, 39, 10),
(1399, 39, 11),
(1400, 39, 12),
(1401, 39, 14),
(1402, 39, 16),
(1403, 39, 17),
(1405, 40, 1),
(1406, 40, 2),
(1407, 40, 3),
(1408, 40, 4),
(1409, 40, 5),
(1410, 40, 6),
(1411, 40, 7),
(1412, 40, 8),
(1413, 40, 10),
(1414, 40, 11),
(1415, 40, 12),
(1416, 40, 14),
(1417, 40, 16),
(1418, 40, 17),
(1420, 42, 1),
(1421, 42, 2),
(1422, 42, 3),
(1423, 42, 4),
(1424, 42, 5),
(1425, 42, 8),
(1426, 42, 10),
(1427, 42, 11),
(1428, 42, 12),
(1429, 42, 14),
(1430, 42, 16),
(1431, 42, 17),
(1433, 43, 4),
(1434, 43, 6),
(1435, 43, 7),
(1436, 43, 9),
(1437, 43, 11),
(1438, 43, 12),
(1439, 43, 15),
(1440, 43, 16),
(1441, 43, 17),
(1442, 43, 18),
(1443, 44, 1),
(1444, 44, 2),
(1445, 44, 3),
(1446, 44, 4),
(1447, 44, 5),
(1448, 44, 6),
(1449, 44, 7),
(1450, 44, 8),
(1451, 44, 10),
(1452, 44, 11),
(1453, 44, 12),
(1454, 44, 14),
(1455, 44, 16),
(1456, 44, 17),
(1458, 46, 1),
(1459, 46, 2),
(1460, 46, 3),
(1461, 46, 4),
(1462, 46, 5),
(1463, 46, 6),
(1464, 46, 7),
(1465, 46, 8),
(1466, 46, 10),
(1467, 46, 11),
(1468, 46, 12),
(1469, 46, 14),
(1470, 46, 16),
(1471, 46, 17),
(1473, 47, 1),
(1474, 47, 2),
(1475, 47, 3),
(1476, 47, 4),
(1477, 47, 5),
(1478, 47, 8),
(1479, 47, 10),
(1480, 47, 11),
(1481, 47, 12),
(1482, 47, 14),
(1483, 47, 16),
(1484, 47, 17);

-- --------------------------------------------------------

--
-- Struktur dari tabel `temp`
--

CREATE TABLE `temp` (
  `kasus` int(11) NOT NULL,
  `s` decimal(10,6) NOT NULL
) ENGINE=MyISAM DEFAULT CHARSET=utf8;

-- --------------------------------------------------------

--
-- Struktur dari tabel `tindakan`
--

CREATE TABLE `tindakan` (
  `kode_tindakan` int(11) NOT NULL DEFAULT '0',
  `nama_tindakan` varchar(160) NOT NULL DEFAULT ''
) ENGINE=MyISAM DEFAULT CHARSET=utf8;

--
-- Dumping data untuk tabel `tindakan`
--

INSERT INTO `tindakan` (`kode_tindakan`, `nama_tindakan`) VALUES
(1, 'Bila kejang, posisikan pasien miring untuk menghindari masuknya air liur ke jalan nafas'),
(2, 'Bila muntah posisikan miring agar muntahan tidak masuk jalan nafas'),
(3, 'Bila tidak sadar, tidurkan posisi terlentang dan menaikkan dada dan kepala sekitar 30 derajat, jangan sampai leher tertekuk'),
(4, 'CT Scan'),
(5, 'Konsultasi bedah saraf, operasi segera bila perlu'),
(6, 'Konsultasikan ke spesialis saraf'),
(7, 'Kontrol faktor resiko (diabetes, gangguan irama jantung)'),
(8, 'Pasang selang kateter dan nasogastrik bila tidak sadar'),
(9, 'Pemberian antitrombotik'),
(10, 'Pemberian manitol (obat untuk menurunkan pembengkakan otak)'),
(11, 'Pemberian obat neurotropik'),
(12, 'Pemeriksaan darah lengkap, gula darah, dan fungsi ginjal'),
(14, 'Rawat inap fase akut 2-3 minggu'),
(15, 'Rawat inap pada fase akut (5-7 hari)'),
(16, 'Rehabilitasi'),
(17, 'Rekam jantung'),
(18, 'Revaskularasi bila masih dalam golden period (jarang di Indonesia)');

--
-- Indexes for dumped tables
--

--
-- Indexes for table `akun`
--
ALTER TABLE `akun`
  ADD PRIMARY KEY (`id_akun`);

--
-- Indexes for table `diagnosa`
--
ALTER TABLE `diagnosa`
  ADD PRIMARY KEY (`kode_diagnosa`);

--
-- Indexes for table `gejala`
--
ALTER TABLE `gejala`
  ADD PRIMARY KEY (`kode_gejala`);

--
-- Indexes for table `kasus`
--
ALTER TABLE `kasus`
  ADD PRIMARY KEY (`id_kasus`);

--
-- Indexes for table `kasus_gjl`
--
ALTER TABLE `kasus_gjl`
  ADD PRIMARY KEY (`ID`);

--
-- Indexes for table `kasus_tnd`
--
ALTER TABLE `kasus_tnd`
  ADD PRIMARY KEY (`ID`);

--
-- AUTO_INCREMENT for dumped tables
--

--
-- AUTO_INCREMENT for table `akun`
--
ALTER TABLE `akun`
  MODIFY `id_akun` int(11) NOT NULL AUTO_INCREMENT, AUTO_INCREMENT=9;
--
-- AUTO_INCREMENT for table `diagnosa`
--
ALTER TABLE `diagnosa`
  MODIFY `kode_diagnosa` int(5) NOT NULL AUTO_INCREMENT, AUTO_INCREMENT=3;
--
-- AUTO_INCREMENT for table `gejala`
--
ALTER TABLE `gejala`
  MODIFY `kode_gejala` int(5) NOT NULL AUTO_INCREMENT, AUTO_INCREMENT=33;
--
-- AUTO_INCREMENT for table `kasus_gjl`
--
ALTER TABLE `kasus_gjl`
  MODIFY `ID` int(11) NOT NULL AUTO_INCREMENT, AUTO_INCREMENT=408;
--
-- AUTO_INCREMENT for table `kasus_tnd`
--
ALTER TABLE `kasus_tnd`
  MODIFY `ID` int(11) NOT NULL AUTO_INCREMENT, AUTO_INCREMENT=1496;
/*!40101 SET CHARACTER_SET_CLIENT=@OLD_CHARACTER_SET_CLIENT */;
/*!40101 SET CHARACTER_SET_RESULTS=@OLD_CHARACTER_SET_RESULTS */;
/*!40101 SET COLLATION_CONNECTION=@OLD_COLLATION_CONNECTION */;
